"Benchmark","Mode","Threads","Samples","Score","Score Error (99.9%)","Unit","Param: arraySize"
"org.tastytruffle.benchmarks.ListBenchmark.benchmarkGraalDoubleAppend","thrpt",1,20,848.282514,9.105671,"ops/s",100000
"org.tastytruffle.benchmarks.ListBenchmark.benchmarkGraalDoubleAppend","thrpt",1,20,69.675153,0.846113,"ops/s",1000000
"org.tastytruffle.benchmarks.ListBenchmark.benchmarkGraalDoubleAppend","thrpt",1,20,0.222602,0.055778,"ops/s",10000000
"org.tastytruffle.benchmarks.ListBenchmark.benchmarkGraalDoubleContains","thrpt",1,20,237.905193,3.786252,"ops/s",100000
"org.tastytruffle.benchmarks.ListBenchmark.benchmarkGraalDoubleContains","thrpt",1,20,0.527383,0.046416,"ops/s",1000000
"org.tastytruffle.benchmarks.ListBenchmark.benchmarkGraalDoubleContains","thrpt",1,20,0.012775,0.001016,"ops/s",10000000
"org.tastytruffle.benchmarks.ListBenchmark.benchmarkGraalDoubleHashcode","thrpt",1,20,585.183270,15.913608,"ops/s",100000
"org.tastytruffle.benchmarks.ListBenchmark.benchmarkGraalDoubleHashcode","thrpt",1,20,30.847206,0.786595,"ops/s",1000000
"org.tastytruffle.benchmarks.ListBenchmark.benchmarkGraalDoubleHashcode","thrpt",1,20,2.447627,0.211677,"ops/s",10000000
"org.tastytruffle.benchmarks.ListBenchmark.benchmarkGraalIntAppend","thrpt",1,20,794.400290,21.817394,"ops/s",100000
"org.tastytruffle.benchmarks.ListBenchmark.benchmarkGraalIntAppend","thrpt",1,20,67.522763,3.126619,"ops/s",1000000
"org.tastytruffle.benchmarks.ListBenchmark.benchmarkGraalIntAppend","thrpt",1,20,0.547967,0.295983,"ops/s",10000000
"org.tastytruffle.benchmarks.ListBenchmark.benchmarkGraalIntContains","thrpt",1,20,218.766659,0.676707,"ops/s",100000
"org.tastytruffle.benchmarks.ListBenchmark.benchmarkGraalIntContains","thrpt",1,20,0.569787,0.006573,"ops/s",1000000
"org.tastytruffle.benchmarks.ListBenchmark.benchmarkGraalIntContains","thrpt",1,20,0.004665,0.000116,"ops/s",10000000
"org.tastytruffle.benchmarks.ListBenchmark.benchmarkGraalIntHashcode","thrpt",1,20,713.687315,10.445761,"ops/s",100000
"org.tastytruffle.benchmarks.ListBenchmark.benchmarkGraalIntHashcode","thrpt",1,20,24.642966,0.257384,"ops/s",1000000
"org.tastytruffle.benchmarks.ListBenchmark.benchmarkGraalIntHashcode","thrpt",1,20,2.534366,0.199269,"ops/s",10000000
"org.tastytruffle.benchmarks.ListBenchmark.benchmarkGraalLongAppend","thrpt",1,20,619.532856,28.423622,"ops/s",100000
"org.tastytruffle.benchmarks.ListBenchmark.benchmarkGraalLongAppend","thrpt",1,20,61.527541,2.245589,"ops/s",1000000
"org.tastytruffle.benchmarks.ListBenchmark.benchmarkGraalLongAppend","thrpt",1,20,0.228675,0.054632,"ops/s",10000000
"org.tastytruffle.benchmarks.ListBenchmark.benchmarkGraalLongContains","thrpt",1,20,216.194507,1.735512,"ops/s",100000
"org.tastytruffle.benchmarks.ListBenchmark.benchmarkGraalLongContains","thrpt",1,20,0.517318,0.030744,"ops/s",1000000
"org.tastytruffle.benchmarks.ListBenchmark.benchmarkGraalLongContains","thrpt",1,20,0.007552,0.000382,"ops/s",10000000
"org.tastytruffle.benchmarks.ListBenchmark.benchmarkGraalLongHashcode","thrpt",1,20,535.285222,5.165017,"ops/s",100000
"org.tastytruffle.benchmarks.ListBenchmark.benchmarkGraalLongHashcode","thrpt",1,20,30.652284,0.609130,"ops/s",1000000
"org.tastytruffle.benchmarks.ListBenchmark.benchmarkGraalLongHashcode","thrpt",1,20,2.976281,0.260456,"ops/s",10000000
"org.tastytruffle.benchmarks.ResizableArrayBenchmark.benchmarkGraalDoubleAppend","thrpt",1,20,781.794384,32.837029,"ops/s",100000
"org.tastytruffle.benchmarks.ResizableArrayBenchmark.benchmarkGraalDoubleAppend","thrpt",1,20,26.154668,0.344367,"ops/s",1000000
"org.tastytruffle.benchmarks.ResizableArrayBenchmark.benchmarkGraalDoubleAppend","thrpt",1,20,1.867798,0.040542,"ops/s",10000000
"org.tastytruffle.benchmarks.ResizableArrayBenchmark.benchmarkGraalDoubleContains","thrpt",1,20,237.877865,2.689575,"ops/s",100000
"org.tastytruffle.benchmarks.ResizableArrayBenchmark.benchmarkGraalDoubleContains","thrpt",1,20,1.669755,0.040493,"ops/s",1000000
"org.tastytruffle.benchmarks.ResizableArrayBenchmark.benchmarkGraalDoubleContains","thrpt",1,20,0.015290,0.000808,"ops/s",10000000
"org.tastytruffle.benchmarks.ResizableArrayBenchmark.benchmarkGraalDoubleReverse","thrpt",1,20,4160.193498,7.785734,"ops/s",100000
"org.tastytruffle.benchmarks.ResizableArrayBenchmark.benchmarkGraalDoubleReverse","thrpt",1,20,49.961391,2.109271,"ops/s",1000000
"org.tastytruffle.benchmarks.ResizableArrayBenchmark.benchmarkGraalDoubleReverse","thrpt",1,20,4.734398,0.262186,"ops/s",10000000
"org.tastytruffle.benchmarks.ResizableArrayBenchmark.benchmarkGraalIntAppend","thrpt",1,20,900.317150,48.404135,"ops/s",100000
"org.tastytruffle.benchmarks.ResizableArrayBenchmark.benchmarkGraalIntAppend","thrpt",1,20,29.931864,0.668058,"ops/s",1000000
"org.tastytruffle.benchmarks.ResizableArrayBenchmark.benchmarkGraalIntAppend","thrpt",1,20,2.009917,0.065119,"ops/s",10000000
"org.tastytruffle.benchmarks.ResizableArrayBenchmark.benchmarkGraalIntContains","thrpt",1,20,318.335867,4.433624,"ops/s",100000
"org.tastytruffle.benchmarks.ResizableArrayBenchmark.benchmarkGraalIntContains","thrpt",1,20,2.519371,0.047051,"ops/s",1000000
"org.tastytruffle.benchmarks.ResizableArrayBenchmark.benchmarkGraalIntContains","thrpt",1,20,0.024074,0.000952,"ops/s",10000000
"org.tastytruffle.benchmarks.ResizableArrayBenchmark.benchmarkGraalIntReverse","thrpt",1,20,3566.172538,57.031336,"ops/s",100000
"org.tastytruffle.benchmarks.ResizableArrayBenchmark.benchmarkGraalIntReverse","thrpt",1,20,49.326772,2.014227,"ops/s",1000000
"org.tastytruffle.benchmarks.ResizableArrayBenchmark.benchmarkGraalIntReverse","thrpt",1,20,4.589147,0.324157,"ops/s",10000000
"org.tastytruffle.benchmarks.ResizableArrayBenchmark.benchmarkGraalLongAppend","thrpt",1,20,786.345163,52.797713,"ops/s",100000
"org.tastytruffle.benchmarks.ResizableArrayBenchmark.benchmarkGraalLongAppend","thrpt",1,20,23.430478,1.923799,"ops/s",1000000
"org.tastytruffle.benchmarks.ResizableArrayBenchmark.benchmarkGraalLongAppend","thrpt",1,20,1.811561,0.045814,"ops/s",10000000
"org.tastytruffle.benchmarks.ResizableArrayBenchmark.benchmarkGraalLongContains","thrpt",1,20,272.277827,6.175461,"ops/s",100000
"org.tastytruffle.benchmarks.ResizableArrayBenchmark.benchmarkGraalLongContains","thrpt",1,20,1.915724,0.047216,"ops/s",1000000
"org.tastytruffle.benchmarks.ResizableArrayBenchmark.benchmarkGraalLongContains","thrpt",1,20,0.015191,0.001563,"ops/s",10000000
"org.tastytruffle.benchmarks.ResizableArrayBenchmark.benchmarkGraalLongReverse","thrpt",1,20,3442.305307,165.363627,"ops/s",100000
"org.tastytruffle.benchmarks.ResizableArrayBenchmark.benchmarkGraalLongReverse","thrpt",1,20,44.191587,5.177638,"ops/s",1000000
"org.tastytruffle.benchmarks.ResizableArrayBenchmark.benchmarkGraalLongReverse","thrpt",1,20,4.743174,0.276784,"ops/s",10000000
"org.tastytruffle.benchmarks.ListBenchmark.benchmarkGraalDoubleAppend","thrpt",1,10,358.131376,13.668827,"ops/s",200000
"org.tastytruffle.benchmarks.ListBenchmark.benchmarkGraalDoubleAppend","thrpt",1,10,215.139659,9.809896,"ops/s",300000
"org.tastytruffle.benchmarks.ListBenchmark.benchmarkGraalDoubleAppend","thrpt",1,10,160.007228,7.801532,"ops/s",400000
"org.tastytruffle.benchmarks.ListBenchmark.benchmarkGraalDoubleAppend","thrpt",1,10,126.621948,2.285827,"ops/s",500000
"org.tastytruffle.benchmarks.ListBenchmark.benchmarkGraalDoubleAppend","thrpt",1,10,108.342059,2.850110,"ops/s",600000
"org.tastytruffle.benchmarks.ListBenchmark.benchmarkGraalDoubleAppend","thrpt",1,10,97.344328,2.982883,"ops/s",700000
"org.tastytruffle.benchmarks.ListBenchmark.benchmarkGraalDoubleAppend","thrpt",1,10,73.931864,5.401198,"ops/s",800000
"org.tastytruffle.benchmarks.ListBenchmark.benchmarkGraalDoubleAppend","thrpt",1,10,72.723087,6.229103,"ops/s",900000
"org.tastytruffle.benchmarks.ListBenchmark.benchmarkGraalDoubleAppend","thrpt",1,10,18.204308,3.985848,"ops/s",2500000
"org.tastytruffle.benchmarks.ListBenchmark.benchmarkGraalDoubleAppend","thrpt",1,10,5.110059,2.915453,"ops/s",5000000
"org.tastytruffle.benchmarks.ListBenchmark.benchmarkGraalDoubleAppend","thrpt",1,10,0.531271,0.347152,"ops/s",7500000
"org.tastytruffle.benchmarks.ListBenchmark.benchmarkGraalDoubleContains","thrpt",1,10,44.518341,2.093142,"ops/s",200000
"org.tastytruffle.benchmarks.ListBenchmark.benchmarkGraalDoubleContains","thrpt",1,10,18.528004,0.113404,"ops/s",300000
"org.tastytruffle.benchmarks.ListBenchmark.benchmarkGraalDoubleContains","thrpt",1,10,10.080081,0.066677,"ops/s",400000
"org.tastytruffle.benchmarks.ListBenchmark.benchmarkGraalDoubleContains","thrpt",1,10,6.162825,0.039233,"ops/s",500000
"org.tastytruffle.benchmarks.ListBenchmark.benchmarkGraalDoubleContains","thrpt",1,10,1.568789,0.353790,"ops/s",600000
"org.tastytruffle.benchmarks.ListBenchmark.benchmarkGraalDoubleContains","thrpt",1,10,1.309375,0.282849,"ops/s",700000
"org.tastytruffle.benchmarks.ListBenchmark.benchmarkGraalDoubleContains","thrpt",1,10,0.985188,0.066871,"ops/s",800000
"org.tastytruffle.benchmarks.ListBenchmark.benchmarkGraalDoubleContains","thrpt",1,10,0.926334,0.072917,"ops/s",900000
"org.tastytruffle.benchmarks.ListBenchmark.benchmarkGraalDoubleContains","thrpt",1,10,0.104178,0.003944,"ops/s",2500000
"org.tastytruffle.benchmarks.ListBenchmark.benchmarkGraalDoubleContains","thrpt",1,10,0.024127,0.000175,"ops/s",5000000
"org.tastytruffle.benchmarks.ListBenchmark.benchmarkGraalDoubleContains","thrpt",1,10,0.010474,0.000320,"ops/s",7500000
"org.tastytruffle.benchmarks.ListBenchmark.benchmarkGraalDoubleHashcode","thrpt",1,10,215.628189,10.591446,"ops/s",200000
"org.tastytruffle.benchmarks.ListBenchmark.benchmarkGraalDoubleHashcode","thrpt",1,10,116.140816,1.837543,"ops/s",300000
"org.tastytruffle.benchmarks.ListBenchmark.benchmarkGraalDoubleHashcode","thrpt",1,10,98.210299,1.336493,"ops/s",400000
"org.tastytruffle.benchmarks.ListBenchmark.benchmarkGraalDoubleHashcode","thrpt",1,10,76.933392,0.873723,"ops/s",500000
"org.tastytruffle.benchmarks.ListBenchmark.benchmarkGraalDoubleHashcode","thrpt",1,10,60.132975,6.674301,"ops/s",600000
"org.tastytruffle.benchmarks.ListBenchmark.benchmarkGraalDoubleHashcode","thrpt",1,10,38.825745,11.149592,"ops/s",700000
"org.tastytruffle.benchmarks.ListBenchmark.benchmarkGraalDoubleHashcode","thrpt",1,10,35.212645,9.507039,"ops/s",800000
"org.tastytruffle.benchmarks.ListBenchmark.benchmarkGraalDoubleHashcode","thrpt",1,10,31.942099,4.006365,"ops/s",900000
"org.tastytruffle.benchmarks.ListBenchmark.benchmarkGraalDoubleHashcode","thrpt",1,10,13.097855,0.055107,"ops/s",2500000
"org.tastytruffle.benchmarks.ListBenchmark.benchmarkGraalDoubleHashcode","thrpt",1,10,6.847230,0.092965,"ops/s",5000000
"org.tastytruffle.benchmarks.ListBenchmark.benchmarkGraalDoubleHashcode","thrpt",1,10,3.768866,0.503476,"ops/s",7500000
"org.tastytruffle.benchmarks.ListBenchmark.benchmarkGraalIntAppend","thrpt",1,10,414.063477,9.683633,"ops/s",200000
"org.tastytruffle.benchmarks.ListBenchmark.benchmarkGraalIntAppend","thrpt",1,10,274.818898,4.459588,"ops/s",300000
"org.tastytruffle.benchmarks.ListBenchmark.benchmarkGraalIntAppend","thrpt",1,10,187.488291,19.606970,"ops/s",400000
"org.tastytruffle.benchmarks.ListBenchmark.benchmarkGraalIntAppend","thrpt",1,10,155.227295,4.105850,"ops/s",500000
"org.tastytruffle.benchmarks.ListBenchmark.benchmarkGraalIntAppend","thrpt",1,10,126.214161,9.564136,"ops/s",600000
"org.tastytruffle.benchmarks.ListBenchmark.benchmarkGraalIntAppend","thrpt",1,10,101.584685,5.543693,"ops/s",700000
"org.tastytruffle.benchmarks.ListBenchmark.benchmarkGraalIntAppend","thrpt",1,10,83.252460,9.963195,"ops/s",800000
"org.tastytruffle.benchmarks.ListBenchmark.benchmarkGraalIntAppend","thrpt",1,10,78.153285,4.764522,"ops/s",900000
"org.tastytruffle.benchmarks.ListBenchmark.benchmarkGraalIntAppend","thrpt",1,10,25.361900,2.680997,"ops/s",2500000
"org.tastytruffle.benchmarks.ListBenchmark.benchmarkGraalIntAppend","thrpt",1,10,3.755675,2.650992,"ops/s",5000000
"org.tastytruffle.benchmarks.ListBenchmark.benchmarkGraalIntAppend","thrpt",1,10,0.911909,0.932800,"ops/s",7500000
"org.tastytruffle.benchmarks.ListBenchmark.benchmarkGraalIntContains","thrpt",1,10,44.982814,1.085707,"ops/s",200000
"org.tastytruffle.benchmarks.ListBenchmark.benchmarkGraalIntContains","thrpt",1,10,17.863343,0.708508,"ops/s",300000
"org.tastytruffle.benchmarks.ListBenchmark.benchmarkGraalIntContains","thrpt",1,10,9.724200,0.892108,"ops/s",400000
"org.tastytruffle.benchmarks.ListBenchmark.benchmarkGraalIntContains","thrpt",1,10,6.189740,0.145744,"ops/s",500000
"org.tastytruffle.benchmarks.ListBenchmark.benchmarkGraalIntContains","thrpt",1,10,2.305275,0.237342,"ops/s",600000
"org.tastytruffle.benchmarks.ListBenchmark.benchmarkGraalIntContains","thrpt",1,10,1.576017,1.152322,"ops/s",700000
"org.tastytruffle.benchmarks.ListBenchmark.benchmarkGraalIntContains","thrpt",1,10,1.560687,0.028273,"ops/s",800000
"org.tastytruffle.benchmarks.ListBenchmark.benchmarkGraalIntContains","thrpt",1,10,1.257894,0.052544,"ops/s",900000
"org.tastytruffle.benchmarks.ListBenchmark.benchmarkGraalIntContains","thrpt",1,10,0.145760,0.004977,"ops/s",2500000
"org.tastytruffle.benchmarks.ListBenchmark.benchmarkGraalIntContains","thrpt",1,10,0.033697,0.001725,"ops/s",5000000
"org.tastytruffle.benchmarks.ListBenchmark.benchmarkGraalIntContains","thrpt",1,10,0.012058,0.000237,"ops/s",7500000
"org.tastytruffle.benchmarks.ListBenchmark.benchmarkGraalIntHashcode","thrpt",1,10,318.354276,4.582744,"ops/s",200000
"org.tastytruffle.benchmarks.ListBenchmark.benchmarkGraalIntHashcode","thrpt",1,10,185.178215,0.533999,"ops/s",300000
"org.tastytruffle.benchmarks.ListBenchmark.benchmarkGraalIntHashcode","thrpt",1,10,134.525350,0.348314,"ops/s",400000
"org.tastytruffle.benchmarks.ListBenchmark.benchmarkGraalIntHashcode","thrpt",1,10,102.601496,0.619602,"ops/s",500000
"org.tastytruffle.benchmarks.ListBenchmark.benchmarkGraalIntHashcode","thrpt",1,10,55.441892,6.044515,"ops/s",600000
"org.tastytruffle.benchmarks.ListBenchmark.benchmarkGraalIntHashcode","thrpt",1,10,54.837831,2.111962,"ops/s",700000
"org.tastytruffle.benchmarks.ListBenchmark.benchmarkGraalIntHashcode","thrpt",1,10,41.972937,6.735901,"ops/s",800000
"org.tastytruffle.benchmarks.ListBenchmark.benchmarkGraalIntHashcode","thrpt",1,10,42.406150,0.133997,"ops/s",900000
"org.tastytruffle.benchmarks.ListBenchmark.benchmarkGraalIntHashcode","thrpt",1,10,14.361012,1.101324,"ops/s",2500000
"org.tastytruffle.benchmarks.ListBenchmark.benchmarkGraalIntHashcode","thrpt",1,10,6.373761,0.745020,"ops/s",5000000
"org.tastytruffle.benchmarks.ListBenchmark.benchmarkGraalIntHashcode","thrpt",1,10,4.236275,0.884979,"ops/s",7500000
"org.tastytruffle.benchmarks.ListBenchmark.benchmarkGraalLongAppend","thrpt",1,10,372.942666,9.580619,"ops/s",200000
"org.tastytruffle.benchmarks.ListBenchmark.benchmarkGraalLongAppend","thrpt",1,10,216.085554,18.368907,"ops/s",300000
"org.tastytruffle.benchmarks.ListBenchmark.benchmarkGraalLongAppend","thrpt",1,10,171.799402,2.830464,"ops/s",400000
"org.tastytruffle.benchmarks.ListBenchmark.benchmarkGraalLongAppend","thrpt",1,10,127.554622,2.806493,"ops/s",500000
"org.tastytruffle.benchmarks.ListBenchmark.benchmarkGraalLongAppend","thrpt",1,10,106.616147,1.448709,"ops/s",600000
"org.tastytruffle.benchmarks.ListBenchmark.benchmarkGraalLongAppend","thrpt",1,10,94.985053,4.883483,"ops/s",700000
"org.tastytruffle.benchmarks.ListBenchmark.benchmarkGraalLongAppend","thrpt",1,10,71.766400,2.824433,"ops/s",800000
"org.tastytruffle.benchmarks.ListBenchmark.benchmarkGraalLongAppend","thrpt",1,10,70.059018,8.314668,"ops/s",900000
"org.tastytruffle.benchmarks.ListBenchmark.benchmarkGraalLongAppend","thrpt",1,10,17.065947,4.846481,"ops/s",2500000
"org.tastytruffle.benchmarks.ListBenchmark.benchmarkGraalLongAppend","thrpt",1,10,3.685357,3.052275,"ops/s",5000000
"org.tastytruffle.benchmarks.ListBenchmark.benchmarkGraalLongAppend","thrpt",1,10,0.524375,0.174191,"ops/s",7500000
"org.tastytruffle.benchmarks.ListBenchmark.benchmarkGraalLongContains","thrpt",1,10,42.805572,5.124160,"ops/s",200000
"org.tastytruffle.benchmarks.ListBenchmark.benchmarkGraalLongContains","thrpt",1,10,17.191141,0.030048,"ops/s",300000
"org.tastytruffle.benchmarks.ListBenchmark.benchmarkGraalLongContains","thrpt",1,10,9.156052,0.023022,"ops/s",400000
"org.tastytruffle.benchmarks.ListBenchmark.benchmarkGraalLongContains","thrpt",1,10,5.715789,0.032134,"ops/s",500000
"org.tastytruffle.benchmarks.ListBenchmark.benchmarkGraalLongContains","thrpt",1,10,1.754852,0.397106,"ops/s",600000
"org.tastytruffle.benchmarks.ListBenchmark.benchmarkGraalLongContains","thrpt",1,10,0.960291,0.042446,"ops/s",700000
"org.tastytruffle.benchmarks.ListBenchmark.benchmarkGraalLongContains","thrpt",1,10,1.050066,0.066506,"ops/s",800000
"org.tastytruffle.benchmarks.ListBenchmark.benchmarkGraalLongContains","thrpt",1,10,0.791399,0.107918,"ops/s",900000
"org.tastytruffle.benchmarks.ListBenchmark.benchmarkGraalLongContains","thrpt",1,10,0.071527,0.003257,"ops/s",2500000
"org.tastytruffle.benchmarks.ListBenchmark.benchmarkGraalLongContains","thrpt",1,10,0.024880,0.000101,"ops/s",5000000
"org.tastytruffle.benchmarks.ListBenchmark.benchmarkGraalLongContains","thrpt",1,10,0.010491,0.000858,"ops/s",7500000
"org.tastytruffle.benchmarks.ListBenchmark.benchmarkGraalLongHashcode","thrpt",1,10,232.129754,2.000804,"ops/s",200000
"org.tastytruffle.benchmarks.ListBenchmark.benchmarkGraalLongHashcode","thrpt",1,10,108.724651,20.281759,"ops/s",300000
"org.tastytruffle.benchmarks.ListBenchmark.benchmarkGraalLongHashcode","thrpt",1,10,88.589046,4.866062,"ops/s",400000
"org.tastytruffle.benchmarks.ListBenchmark.benchmarkGraalLongHashcode","thrpt",1,10,104.822464,5.332523,"ops/s",500000
"org.tastytruffle.benchmarks.ListBenchmark.benchmarkGraalLongHashcode","thrpt",1,10,50.571575,12.873572,"ops/s",600000
"org.tastytruffle.benchmarks.ListBenchmark.benchmarkGraalLongHashcode","thrpt",1,10,40.799944,9.835386,"ops/s",700000
"org.tastytruffle.benchmarks.ListBenchmark.benchmarkGraalLongHashcode","thrpt",1,10,42.908057,5.457284,"ops/s",800000
"org.tastytruffle.benchmarks.ListBenchmark.benchmarkGraalLongHashcode","thrpt",1,10,45.307808,6.148595,"ops/s",900000
"org.tastytruffle.benchmarks.ListBenchmark.benchmarkGraalLongHashcode","thrpt",1,10,16.289073,1.328046,"ops/s",2500000
"org.tastytruffle.benchmarks.ListBenchmark.benchmarkGraalLongHashcode","thrpt",1,10,7.506140,0.225600,"ops/s",5000000
"org.tastytruffle.benchmarks.ListBenchmark.benchmarkGraalLongHashcode","thrpt",1,10,4.075406,0.650365,"ops/s",7500000
"org.tastytruffle.benchmarks.ResizableArrayBenchmark.benchmarkGraalDoubleAppend","thrpt",1,10,421.351973,29.975051,"ops/s",200000
"org.tastytruffle.benchmarks.ResizableArrayBenchmark.benchmarkGraalDoubleAppend","thrpt",1,10,114.966885,14.460896,"ops/s",300000
"org.tastytruffle.benchmarks.ResizableArrayBenchmark.benchmarkGraalDoubleAppend","thrpt",1,10,90.455383,3.318357,"ops/s",400000
"org.tastytruffle.benchmarks.ResizableArrayBenchmark.benchmarkGraalDoubleAppend","thrpt",1,10,68.273747,4.798965,"ops/s",500000
"org.tastytruffle.benchmarks.ResizableArrayBenchmark.benchmarkGraalDoubleAppend","thrpt",1,10,44.745274,1.490071,"ops/s",600000
"org.tastytruffle.benchmarks.ResizableArrayBenchmark.benchmarkGraalDoubleAppend","thrpt",1,10,38.822147,2.364283,"ops/s",700000
"org.tastytruffle.benchmarks.ResizableArrayBenchmark.benchmarkGraalDoubleAppend","thrpt",1,10,34.082424,1.048824,"ops/s",800000
"org.tastytruffle.benchmarks.ResizableArrayBenchmark.benchmarkGraalDoubleAppend","thrpt",1,10,29.165662,1.090548,"ops/s",900000
"org.tastytruffle.benchmarks.ResizableArrayBenchmark.benchmarkGraalDoubleAppend","thrpt",1,10,8.099825,0.667447,"ops/s",2500000
"org.tastytruffle.benchmarks.ResizableArrayBenchmark.benchmarkGraalDoubleAppend","thrpt",1,10,2.975532,0.362604,"ops/s",5000000
"org.tastytruffle.benchmarks.ResizableArrayBenchmark.benchmarkGraalDoubleAppend","thrpt",1,10,2.684526,0.150586,"ops/s",7500000
"org.tastytruffle.benchmarks.ResizableArrayBenchmark.benchmarkGraalDoubleContains","thrpt",1,10,57.996077,1.483180,"ops/s",200000
"org.tastytruffle.benchmarks.ResizableArrayBenchmark.benchmarkGraalDoubleContains","thrpt",1,10,25.296820,0.077148,"ops/s",300000
"org.tastytruffle.benchmarks.ResizableArrayBenchmark.benchmarkGraalDoubleContains","thrpt",1,10,7.696306,0.824217,"ops/s",400000
"org.tastytruffle.benchmarks.ResizableArrayBenchmark.benchmarkGraalDoubleContains","thrpt",1,10,7.772383,0.376576,"ops/s",500000
"org.tastytruffle.benchmarks.ResizableArrayBenchmark.benchmarkGraalDoubleContains","thrpt",1,10,3.749590,0.287058,"ops/s",600000
"org.tastytruffle.benchmarks.ResizableArrayBenchmark.benchmarkGraalDoubleContains","thrpt",1,10,2.699709,0.149971,"ops/s",700000
"org.tastytruffle.benchmarks.ResizableArrayBenchmark.benchmarkGraalDoubleContains","thrpt",1,10,1.743530,0.088331,"ops/s",800000
"org.tastytruffle.benchmarks.ResizableArrayBenchmark.benchmarkGraalDoubleContains","thrpt",1,10,1.900651,0.035793,"ops/s",900000
"org.tastytruffle.benchmarks.ResizableArrayBenchmark.benchmarkGraalDoubleContains","thrpt",1,10,0.203669,0.004970,"ops/s",2500000
"org.tastytruffle.benchmarks.ResizableArrayBenchmark.benchmarkGraalDoubleContains","thrpt",1,10,0.056147,0.001237,"ops/s",5000000
"org.tastytruffle.benchmarks.ResizableArrayBenchmark.benchmarkGraalDoubleContains","thrpt",1,10,0.022878,0.000713,"ops/s",7500000
"org.tastytruffle.benchmarks.ResizableArrayBenchmark.benchmarkGraalDoubleReverse","thrpt",1,10,1597.831507,50.165001,"ops/s",200000
"org.tastytruffle.benchmarks.ResizableArrayBenchmark.benchmarkGraalDoubleReverse","thrpt",1,10,149.714066,7.989422,"ops/s",300000
"org.tastytruffle.benchmarks.ResizableArrayBenchmark.benchmarkGraalDoubleReverse","thrpt",1,10,131.175282,1.870259,"ops/s",400000
"org.tastytruffle.benchmarks.ResizableArrayBenchmark.benchmarkGraalDoubleReverse","thrpt",1,10,100.315865,1.037221,"ops/s",500000
"org.tastytruffle.benchmarks.ResizableArrayBenchmark.benchmarkGraalDoubleReverse","thrpt",1,10,87.639853,2.181051,"ops/s",600000
"org.tastytruffle.benchmarks.ResizableArrayBenchmark.benchmarkGraalDoubleReverse","thrpt",1,10,75.458499,0.257074,"ops/s",700000
"org.tastytruffle.benchmarks.ResizableArrayBenchmark.benchmarkGraalDoubleReverse","thrpt",1,10,63.460714,2.076300,"ops/s",800000
"org.tastytruffle.benchmarks.ResizableArrayBenchmark.benchmarkGraalDoubleReverse","thrpt",1,10,58.187351,0.993992,"ops/s",900000
"org.tastytruffle.benchmarks.ResizableArrayBenchmark.benchmarkGraalDoubleReverse","thrpt",1,10,18.676074,0.490132,"ops/s",2500000
"org.tastytruffle.benchmarks.ResizableArrayBenchmark.benchmarkGraalDoubleReverse","thrpt",1,10,9.841424,0.355126,"ops/s",5000000
"org.tastytruffle.benchmarks.ResizableArrayBenchmark.benchmarkGraalDoubleReverse","thrpt",1,10,6.452000,0.295393,"ops/s",7500000
"org.tastytruffle.benchmarks.ResizableArrayBenchmark.benchmarkGraalIntAppend","thrpt",1,10,459.581708,21.267945,"ops/s",200000
"org.tastytruffle.benchmarks.ResizableArrayBenchmark.benchmarkGraalIntAppend","thrpt",1,10,150.924596,7.098704,"ops/s",300000
"org.tastytruffle.benchmarks.ResizableArrayBenchmark.benchmarkGraalIntAppend","thrpt",1,10,106.325036,3.532456,"ops/s",400000
"org.tastytruffle.benchmarks.ResizableArrayBenchmark.benchmarkGraalIntAppend","thrpt",1,10,79.462156,2.715939,"ops/s",500000
"org.tastytruffle.benchmarks.ResizableArrayBenchmark.benchmarkGraalIntAppend","thrpt",1,10,50.756243,1.793952,"ops/s",600000
"org.tastytruffle.benchmarks.ResizableArrayBenchmark.benchmarkGraalIntAppend","thrpt",1,10,42.794646,1.733553,"ops/s",700000
"org.tastytruffle.benchmarks.ResizableArrayBenchmark.benchmarkGraalIntAppend","thrpt",1,10,38.564243,1.033013,"ops/s",800000
"org.tastytruffle.benchmarks.ResizableArrayBenchmark.benchmarkGraalIntAppend","thrpt",1,10,33.382792,0.925609,"ops/s",900000
"org.tastytruffle.benchmarks.ResizableArrayBenchmark.benchmarkGraalIntAppend","thrpt",1,10,9.294495,0.340225,"ops/s",2500000
"org.tastytruffle.benchmarks.ResizableArrayBenchmark.benchmarkGraalIntAppend","thrpt",1,10,4.561234,0.191345,"ops/s",5000000
"org.tastytruffle.benchmarks.ResizableArrayBenchmark.benchmarkGraalIntAppend","thrpt",1,10,3.348846,0.094777,"ops/s",7500000
"org.tastytruffle.benchmarks.ResizableArrayBenchmark.benchmarkGraalIntContains","thrpt",1,10,74.517071,2.041280,"ops/s",200000
"org.tastytruffle.benchmarks.ResizableArrayBenchmark.benchmarkGraalIntContains","thrpt",1,10,30.507769,0.916316,"ops/s",300000
"org.tastytruffle.benchmarks.ResizableArrayBenchmark.benchmarkGraalIntContains","thrpt",1,10,17.977994,0.220322,"ops/s",400000
"org.tastytruffle.benchmarks.ResizableArrayBenchmark.benchmarkGraalIntContains","thrpt",1,10,10.804931,0.570164,"ops/s",500000
"org.tastytruffle.benchmarks.ResizableArrayBenchmark.benchmarkGraalIntContains","thrpt",1,10,6.696430,0.144341,"ops/s",600000
"org.tastytruffle.benchmarks.ResizableArrayBenchmark.benchmarkGraalIntContains","thrpt",1,10,4.977587,0.048814,"ops/s",700000
"org.tastytruffle.benchmarks.ResizableArrayBenchmark.benchmarkGraalIntContains","thrpt",1,10,3.655189,0.139881,"ops/s",800000
"org.tastytruffle.benchmarks.ResizableArrayBenchmark.benchmarkGraalIntContains","thrpt",1,10,2.946761,0.032118,"ops/s",900000
"org.tastytruffle.benchmarks.ResizableArrayBenchmark.benchmarkGraalIntContains","thrpt",1,10,0.411696,0.012214,"ops/s",2500000
"org.tastytruffle.benchmarks.ResizableArrayBenchmark.benchmarkGraalIntContains","thrpt",1,10,0.088662,0.002282,"ops/s",5000000
"org.tastytruffle.benchmarks.ResizableArrayBenchmark.benchmarkGraalIntContains","thrpt",1,10,0.046870,0.000814,"ops/s",7500000
"org.tastytruffle.benchmarks.ResizableArrayBenchmark.benchmarkGraalIntReverse","thrpt",1,10,1719.735703,120.978040,"ops/s",200000
"org.tastytruffle.benchmarks.ResizableArrayBenchmark.benchmarkGraalIntReverse","thrpt",1,10,157.542845,10.263593,"ops/s",300000
"org.tastytruffle.benchmarks.ResizableArrayBenchmark.benchmarkGraalIntReverse","thrpt",1,10,108.308014,2.668247,"ops/s",400000
"org.tastytruffle.benchmarks.ResizableArrayBenchmark.benchmarkGraalIntReverse","thrpt",1,10,87.523097,4.537465,"ops/s",500000
"org.tastytruffle.benchmarks.ResizableArrayBenchmark.benchmarkGraalIntReverse","thrpt",1,10,79.993289,4.543786,"ops/s",600000
"org.tastytruffle.benchmarks.ResizableArrayBenchmark.benchmarkGraalIntReverse","thrpt",1,10,60.294062,2.381948,"ops/s",700000
"org.tastytruffle.benchmarks.ResizableArrayBenchmark.benchmarkGraalIntReverse","thrpt",1,10,56.094337,4.647231,"ops/s",800000
"org.tastytruffle.benchmarks.ResizableArrayBenchmark.benchmarkGraalIntReverse","thrpt",1,10,53.835259,2.750351,"ops/s",900000
"org.tastytruffle.benchmarks.ResizableArrayBenchmark.benchmarkGraalIntReverse","thrpt",1,10,16.765760,1.237230,"ops/s",2500000
"org.tastytruffle.benchmarks.ResizableArrayBenchmark.benchmarkGraalIntReverse","thrpt",1,10,7.978689,0.148253,"ops/s",5000000
"org.tastytruffle.benchmarks.ResizableArrayBenchmark.benchmarkGraalIntReverse","thrpt",1,10,6.779806,0.196700,"ops/s",7500000
"org.tastytruffle.benchmarks.ResizableArrayBenchmark.benchmarkGraalLongAppend","thrpt",1,10,396.408865,31.337556,"ops/s",200000
"org.tastytruffle.benchmarks.ResizableArrayBenchmark.benchmarkGraalLongAppend","thrpt",1,10,127.704746,4.418218,"ops/s",300000
"org.tastytruffle.benchmarks.ResizableArrayBenchmark.benchmarkGraalLongAppend","thrpt",1,10,90.168187,3.338401,"ops/s",400000
"org.tastytruffle.benchmarks.ResizableArrayBenchmark.benchmarkGraalLongAppend","thrpt",1,10,65.021260,3.481538,"ops/s",500000
"org.tastytruffle.benchmarks.ResizableArrayBenchmark.benchmarkGraalLongAppend","thrpt",1,10,44.451565,1.094058,"ops/s",600000
"org.tastytruffle.benchmarks.ResizableArrayBenchmark.benchmarkGraalLongAppend","thrpt",1,10,38.434995,1.424007,"ops/s",700000
"org.tastytruffle.benchmarks.ResizableArrayBenchmark.benchmarkGraalLongAppend","thrpt",1,10,32.794280,0.842647,"ops/s",800000
"org.tastytruffle.benchmarks.ResizableArrayBenchmark.benchmarkGraalLongAppend","thrpt",1,10,27.879919,1.354356,"ops/s",900000
"org.tastytruffle.benchmarks.ResizableArrayBenchmark.benchmarkGraalLongAppend","thrpt",1,10,8.072647,0.107942,"ops/s",2500000
"org.tastytruffle.benchmarks.ResizableArrayBenchmark.benchmarkGraalLongAppend","thrpt",1,10,3.849068,0.172018,"ops/s",5000000
"org.tastytruffle.benchmarks.ResizableArrayBenchmark.benchmarkGraalLongAppend","thrpt",1,10,2.610965,0.074658,"ops/s",7500000
"org.tastytruffle.benchmarks.ResizableArrayBenchmark.benchmarkGraalLongContains","thrpt",1,10,59.602124,5.220842,"ops/s",200000
"org.tastytruffle.benchmarks.ResizableArrayBenchmark.benchmarkGraalLongContains","thrpt",1,10,25.983595,0.240239,"ops/s",300000
"org.tastytruffle.benchmarks.ResizableArrayBenchmark.benchmarkGraalLongContains","thrpt",1,10,13.534372,0.676247,"ops/s",400000
"org.tastytruffle.benchmarks.ResizableArrayBenchmark.benchmarkGraalLongContains","thrpt",1,10,8.672750,0.418562,"ops/s",500000
"org.tastytruffle.benchmarks.ResizableArrayBenchmark.benchmarkGraalLongContains","thrpt",1,10,4.754340,0.744184,"ops/s",600000
"org.tastytruffle.benchmarks.ResizableArrayBenchmark.benchmarkGraalLongContains","thrpt",1,10,2.934202,0.064848,"ops/s",700000
"org.tastytruffle.benchmarks.ResizableArrayBenchmark.benchmarkGraalLongContains","thrpt",1,10,2.145051,0.052596,"ops/s",800000
"org.tastytruffle.benchmarks.ResizableArrayBenchmark.benchmarkGraalLongContains","thrpt",1,10,2.290042,0.101019,"ops/s",900000
"org.tastytruffle.benchmarks.ResizableArrayBenchmark.benchmarkGraalLongContains","thrpt",1,10,0.242902,0.009484,"ops/s",2500000
"org.tastytruffle.benchmarks.ResizableArrayBenchmark.benchmarkGraalLongContains","thrpt",1,10,0.051340,0.004890,"ops/s",5000000
"org.tastytruffle.benchmarks.ResizableArrayBenchmark.benchmarkGraalLongContains","thrpt",1,10,0.038625,0.002208,"ops/s",7500000
"org.tastytruffle.benchmarks.ResizableArrayBenchmark.benchmarkGraalLongReverse","thrpt",1,10,1770.396899,2.364846,"ops/s",200000
"org.tastytruffle.benchmarks.ResizableArrayBenchmark.benchmarkGraalLongReverse","thrpt",1,10,168.332512,1.150724,"ops/s",300000
"org.tastytruffle.benchmarks.ResizableArrayBenchmark.benchmarkGraalLongReverse","thrpt",1,10,132.883086,0.232853,"ops/s",400000
"org.tastytruffle.benchmarks.ResizableArrayBenchmark.benchmarkGraalLongReverse","thrpt",1,10,102.690962,3.597015,"ops/s",500000
"org.tastytruffle.benchmarks.ResizableArrayBenchmark.benchmarkGraalLongReverse","thrpt",1,10,84.670301,2.731800,"ops/s",600000
"org.tastytruffle.benchmarks.ResizableArrayBenchmark.benchmarkGraalLongReverse","thrpt",1,10,71.791793,0.091922,"ops/s",700000
"org.tastytruffle.benchmarks.ResizableArrayBenchmark.benchmarkGraalLongReverse","thrpt",1,10,63.226951,1.071139,"ops/s",800000
"org.tastytruffle.benchmarks.ResizableArrayBenchmark.benchmarkGraalLongReverse","thrpt",1,10,55.792309,0.084212,"ops/s",900000
"org.tastytruffle.benchmarks.ResizableArrayBenchmark.benchmarkGraalLongReverse","thrpt",1,10,18.617629,0.714989,"ops/s",2500000
"org.tastytruffle.benchmarks.ResizableArrayBenchmark.benchmarkGraalLongReverse","thrpt",1,10,9.319860,0.368855,"ops/s",5000000
"org.tastytruffle.benchmarks.ResizableArrayBenchmark.benchmarkGraalLongReverse","thrpt",1,10,6.705861,0.291314,"ops/s",7500000
